Entry,Dialect,Part of speech,Translation
/a/,unspecified,preposition,to; at
/a/,unspecified,noun,a (the letter a)
/a/,unspecified,verb,third-person singular present indicative of aver
[aβaˈðjɔ],unspecified,noun,abbey
/aβaˈd͡ʒu/,unspecified,noun,"(Languedoc) blueberry, fruit of the plant Vaccinium myrtillus"
[aˈβat],unspecified,noun,abbot
[aβawˈki],unspecified,verb,"(reflexive) to become grassy; (reflexive) to cover in grass, to grass"
[akaˈdɛmjo],unspecified,noun,academy
[aˈsjɛ],unspecified,noun,steel (metal alloy)
/a.kus.tyˈma/,unspecified,verb,"to accustom, habituate"
/attiˈtyt/,unspecified,noun,attitude
/attiβiˈtat/,Languedoc,noun,activity
/akyzaˈsju/,unspecified,noun,accusation
[amministɾaˈsju],Lengadocian,noun,administration
[administʁaˈsjũᵑ],"Rodanenc Provençau, Niçard",noun,administration
[administʁaˈsjẽᵑ],Maritim Provençau,noun,administration
/aˈðɾeso/,unspecified,noun,"address; skill, ability"
/aɣanˈta/,unspecified,verb,to grab; to seize
/aɣaˈri/,unspecified,verb,to attack; to provoke; to agitate
/aˈɣast/,unspecified,noun,"(Languedoc, Provençal, Vivaro-alpine) maple, (Acer monspessulanum)"
/aˈʒi/,unspecified,verb,"to act; (reflexive, with de) to be about, to deal with
s'agís d'una nòva lei ― it is a new law"
/aɣraˈða/,unspecified,verb,to like; to please
/aɣɾaˈðiw/,unspecified,adjective,"pleasant, agreeable"
/aˈɣreʎo/,unspecified,noun,"(botany) sorrel, (Rumex acetosa)"
/aˈɣrew/,unspecified,noun,(botany) holly
[aɣɾikylˈtyɾo],unspecified,noun,agriculture
/aˈɣyʎo/,unspecified,noun,needle
[aˈɣyt],unspecified,adjective,sharp
[aˈɣyt],unspecified,verb,past participle of aver
/ˈajɡɔ/,Limousin,noun,water (H2O)
/ˈajɔ/,Auvergnat,noun,water (H2O)
/ˈajɡə/,Vivaro-Alpine,noun,water (H2O)
/ˈɛɡ/,Marchés,noun,water (H2O)
/ajˈɣaɲo̞/,Languedoc,noun,(Languedoc) dew
/ajˈma/,unspecified,verb,to like; to love
[ajˈral],unspecified,noun,(Languedoc) place
[ajˈzit],unspecified,adjective,easy
/ad͡ʒuˈka/,Languedoc,verb,"(Gascony) to roost, perch"
[alo̞],unspecified,noun,wing
/albɾiˈkɔt/,unspecified,noun,apricot
/alˈkɔl/,unspecified,noun,alcohol
[alfaˈβet],unspecified,noun,alphabet
/ˈalps/,unspecified,noun,Alternative form of Aups
/alyˈka/,unspecified,verb,to light; to stare
[alyˈma],unspecified,verb,to light; to illuminate
[alyˈketo],unspecified,noun,match (device to make fire)
[amajˈza],unspecified,verb,to appease; to soothe
/amaˈryn/,Languedoc,noun,bitterness
[aˈmiɣo],unspecified,noun,female equivalent of amic
/aˈmuro̞/,unspecified,noun,mulberry; blackberry
/anaˈʒun/,unspecified,noun,(Gascony) blueberry (Vaccinium myrtillus)
[analiˈza],unspecified,verb,(transitive) to analyze
/anatuˈmio/,unspecified,noun,anatomy
/anseˈsu/,unspecified,noun,(Languedoc) ancestor
/anˈt͡ʃɔ.jɔ/,unspecified,noun,anchovy
/an.tʃuˈja.dɔ/,unspecified,noun,"A traditional Provençal spread made from anchovy, caper, olive oil and garlic."
[änt͡ʃuˈjäðɔ̝],unspecified,noun,"A traditional Provençal spread made from anchovy, caper, olive oil and garlic."
-adɔ,unspecified,noun,"A traditional Provençal spread made from anchovy, caper, olive oil and garlic."
/anˈsja/,unspecified,adjective,old; ancient
/aŋˈku.rɒ/,unspecified,noun,anchor (tool to hook a vessel into sea bottom)
/aˈnet/,unspecified,noun,"duck
Synonym: rit"
/aˈnet/,unspecified,noun,dill (herb of the species Anethum graveolens)
/aŋˈɡles/,unspecified,noun,the English language
/aŋˈɡles/,unspecified,noun,an Englishman
/aˈɲɛl/,unspecified,noun,lamb (young sheep)
/aˈnuʎo/,unspecified,noun,(Gascony) heifer
/anˈtɔni/,unspecified,noun,"a male given name from Latin, equivalent to English Anthony"
[aˈunt],unspecified,noun,(Guardiol) Alternative form of ont
/apaˈɾel/,Languedoc,noun,"apparatus, instrument"
/apaˈɾeʎ/,Gascon,noun,"apparatus, instrument"
/apaˈʁej/,"Provençal, Limousin",noun,"apparatus, instrument"
[ˈapi],unspecified,noun,celery
/aˈpɾɛp/,unspecified,adverb,"(Languedoc) after, afterwards"
/aˈpɾɛp/,unspecified,preposition,after
/a.kɛl/,unspecified,adjective,"this, this one"
/a.kɛ.lo/,unspecified,adjective,feminine singular of aquel
/aˈkeste/,unspecified,determiner,this
/aˈkeste/,unspecified,noun,this (masculine thing)
[aˈraɲo],unspecified,noun,spider
/ˈaɾ.be/,unspecified,noun,(Gascony) tree
/aɾk/,unspecified,noun,"bow; arch, arc"
[aɾˈd͡ʒen],Lengadocian,noun,silver
[aʁˈd͡zɛ̃ⁿ],Lemosin,noun,silver
[ˈarjo],unspecified,noun,(Guardiol) air
/ˈarno/,unspecified,noun,"moth; (Attagenus pellio)[1] fur beetle, carpet beetle"
[arˈpa],unspecified,verb,to claw
/ar.riˈma/,unspecified,verb,"(nautical) to stow, belay"
[aɾˈtisto],unspecified,noun,artist
/as/,unspecified,verb,second-person singular present indicative of aver
[ˈaze],unspecified,noun,donkey
/asˈpɛt.te/,unspecified,noun,"aspect, facet; (nautical) point of sail, tack"
/asasiˈnat/,unspecified,noun,assassination
[asusˈta],unspecified,verb,to protect
/ˈastre/,unspecified,noun,(uncountable) luck
[atak],unspecified,noun,attack
[ataˈka],unspecified,verb,to attack
/ataˈyk/,unspecified,noun,"coffin, casket"
/atay/,unspecified,noun,"coffin, casket"
[adʒe],unspecified,suffix,"-age; (a noun that means a unspecified quantity of some noun); -age, -ery; (a noun that means the state of being some noun); -age, -ing; (a noun that means the action or effect of some verb)"
/ˈa.d͡ʒe/,unspecified,noun,"age (the whole duration of a being)
Synonym: edat f; age, era (a particular period of time in history)
Synonym: edat f"
-adʒe,unspecified,noun,"age (the whole duration of a being)
Synonym: edat f; age, era (a particular period of time in history)
Synonym: edat f"
[aˈtɔn],unspecified,noun,"(physics, chemistry) atom"
[aˈtɔme],unspecified,noun,Alternative form of atòm
[ˈawko],unspecified,noun,goose
/awˈsa/,unspecified,verb,to rise; (nautical) to hoist
[awˈsɛl],unspecified,noun,bird
/au.siˈɛr.ɒ/,unspecified,noun,(nautical) hawser
[ˈawde],unspecified,noun,"Aude (a department of Occitanie, France); Aude (a river in the Aude department, France)"
/awˈɣan/,Gascon,adverb,(Gascony) this year
/awˈras.sa/,unspecified,noun,hurricane
/awˈra.tʃe/,unspecified,noun,"storm, tempest"
[awˈɾeʎo],unspecified,noun,ear
[awstɾaˈlja],unspecified,adjective,Australian
[ˈawstrjo],unspecified,noun,Austria (a country in Europe)
[awˈtu],unspecified,noun,autumn
[awˈtu],unspecified,noun,author
[awˈtu],unspecified,noun,(Provençal) height
[awˈtuɾo],unspecified,noun,female equivalent of autor
[aβajˈru],unspecified,noun,Aveyron (a department of France)
[aβeˈlano],unspecified,noun,hazelnut
[aβelaˈnjɛ],unspecified,noun,hazel (tree)
[aˈbe],unspecified,verb,"to have; to possess
Synonym: possedir; (auxiliary) to have"
/aviˈɲũⁿ/,Provençal,noun,Avignon (a city in France)
/aβiˈɲu/,Languedoc,noun,Avignon (a city in France)
/azˈart/,unspecified,noun,"hazard, chance, fortuity; danger, risk, hazard"
/ba.ˈbaw/,unspecified,adjective,"stupid, idiotic"
/ba.ˈbaw/,unspecified,noun,"bug, insect; (Coccinella septempunctata)[1] seven-spot ladybird; bogeyman"
[baˈðaw],unspecified,noun,(Provençal) onlooker
[baˈɣadʒe],unspecified,noun,"baggage, luggage"
/ˈβaʃ/,unspecified,adjective,"(Gascony) low
Antonym: haut"
/ˈbaʃ/,Gascon,adjective,"(Gascony) low
Antonym: haut"
/baˈleno/,unspecified,noun,whale
/bamˈbu/,unspecified,noun,bamboo
[baɲ],unspecified,noun,bath
/ˈbar.kɒ/,unspecified,noun,"dinghy, boat"
/ˌbaɹ.kaˈɹes/,unspecified,noun,anchorage; mooring
/baɾseˈluno/,unspecified,noun,"Barcelona (the capital city of Catalonia, Spain); Barcelona (a province of Catalonia, Spain)"
/baˈtɛl/,unspecified,noun,(nautical) boat
[ˈbes],unspecified,noun,birch (tree)
[ˈbɛll],unspecified,adjective,(Guardiol) beautiful
/beˈlu.ɡa/,unspecified,noun,spark; flash
[bembeŋˈɡyt],unspecified,interjection,welcome
[bembeŋˈɡyt],unspecified,adjective,welcome
[ˈbɛst.jo],unspecified,noun,"beast, animal"
[ˈbɛs.tjos],unspecified,noun,plural of bèstia
/ˈbewre/,unspecified,noun,"beverage, drink
Synonym: bevenda; drinking"
/ˈbewre/,unspecified,verb,"to drink
Hyponyms: bevajessar, bevetar, bevotejar; (figuratively) to believe, to buy"
/bjajs/,unspecified,noun,"way, manner
synonyms ▲Synonyms: faiçon, manièra"
/bjeluˈɾys/,unspecified,adjective,Belarusian
/bjeluˈɾys/,unspecified,noun,Belarusian
/blat/,unspecified,noun,wheat
/buko/,unspecified,noun,(anatomy) mouth
/bukos/,unspecified,noun,plural of boca
/buˈha/,Gascon,verb,"(intransitive, Gascony) to blow"
[buˈlu],unspecified,noun,bolt
[buˈlũᵑ],Provençal,noun,bolt
[buˈlus],unspecified,noun,plural of bolon
/buɾˈdɛw/,unspecified,noun,"Bordeaux (the capital city of the Gironde department, France; capital city of the region of Nouvelle-Aquitaine)"
[buɾˈðɛw],unspecified,noun,"Bordeaux (the capital city of the Gironde department, France; capital city of the region of Nouvelle-Aquitaine)"
-ɛw,unspecified,noun,"Bordeaux (the capital city of the Gironde department, France; capital city of the region of Nouvelle-Aquitaine)"
/bɔsk/,unspecified,noun,wood (area with plants and trees)
[butaˈniko],unspecified,noun,botany
[butaˈniko],unspecified,adjective,feminine singular of botanic
[ˈbɾas],unspecified,noun,arm
/bɾa.sa.ˈlet/,unspecified,noun,bracelet
/bɾaˈsat/,unspecified,noun,armful (the amount an arm or arms can hold)
/bɾaˈsats/,unspecified,noun,plural of braçat
/ˈbɾaŋko/,Languedoc,noun,"(Languedoc, Provençal) branch"
/brand/,unspecified,noun,(nautical) pitch (movement around the beam axis)
/bran ˈda/,unspecified,verb,to burn
/bɾɛs/,unspecified,noun,cradle
[bɾeˈsa],unspecified,verb,to cradle; to rock (to move gently back and forth)
/bɾyˈmus/,unspecified,adjective,"foggy, misty"
/bɾysk/,unspecified,noun,beehive (home of bees)
/bɾysk/,unspecified,adjective,brusque
/bɾysk/,unspecified,noun,A variety of heather
/ˈbjɔw/,unspecified,noun,(zoology) ox
/kaˈβel/,unspecified,noun,"(Languedoc) a single headhair, one of the many strands of hair that covers the head."
/ka.beˈstr.a/,unspecified,noun,"(nautical) capstan, winch"
[ˈkaβro],unspecified,noun,(Languedoc) goat
[kaβɾjuˈla],unspecified,verb,"(intransitive) to prance, to caper"
/kaˈβɾit/,unspecified,noun,kid (young goat); the meat of this animal
[kaˈsa],unspecified,verb,to hunt; (by extension) to search; to look for
/kaˈdy/,unspecified,noun,each; each one
/kaˈfɛ/,unspecified,noun,coffee (beverage); café (establishment)
[kaɣaˈrawlo],unspecified,noun,snail
/ˈkai/,unspecified,noun,"(nautical) dock, quay"
[kajˈsaw],unspecified,noun,"(Languedoc, anatomy) molar"
[kajˈsaw],unspecified,noun,"(Provençal, anatomy) molar"
/kaˈlaŋ.kɒ/,unspecified,noun,"(nautical) cove, bay"
[sɔʷˈfa],Limousin,verb,to heat (heat up)
[tsoˈfɑ],Auvergnat,verb,to heat (heat up)
[kau̯ˈha],Gascon,verb,to heat (heat up)
[tʃɔʷˈfa],Provençal,verb,to heat (heat up)
[kaʷˈfa],East Languedocien,verb,to heat (heat up)
[kalˈfa],West Languedocien,verb,to heat (heat up)
/ˈkambo/,unspecified,noun,leg; stem (plants)
[kamˈbja],unspecified,verb,"to change, to modify"
/kaˈmɛl/,unspecified,noun,(Languedoc) camel
/kanˈdɛlo/,unspecified,noun,(Languedoc) candle
[ˈkaɲo],unspecified,noun,female equivalent of can
/kanuniˈkat/,unspecified,noun,(religion) the office of a canon; canonry
[kanˈtajɾe],unspecified,noun,singer
/kanˈtu/,unspecified,noun,corner; canton
/kap/,unspecified,noun,"head (the part of the body of an animal or human which contains the brain, mouth and main sense organs); leader, chief, mastermind; cape, headland"
[kaˈpɛl],unspecified,noun,(Languedoc) hat
[kaˈpɛw],unspecified,noun,(Provençal) hat
/ˌkav.viˈra/,unspecified,verb,(nautical) to capsize
/karˈbɔni/,unspecified,noun,carbon
/kaɾkaˈsunɔ/,unspecified,noun,"Carcassonne (a city in Aude, region of Occitania, France)
Holonym: Aude"
/kaɾˈðu/,unspecified,noun,"(Gascony, Provençal, Languedoc) thistle"
/karˈrjɛ.ro/,unspecified,noun,street
[ˈkase],unspecified,noun,oak
[kasˈtɛl],unspecified,noun,castle
[kasˈtɛw],unspecified,noun,castle
/kateˈðɾalo/,unspecified,noun,cathedral
[ˈkau̯],Provençal,adjective,"warm, hot; dangerous, dodgy
carrièra cauda(please add an English translation of this usage example)"
[ˈtʃau̯t],East Vivaro-Alpine,adjective,"warm, hot; dangerous, dodgy
carrièra cauda(please add an English translation of this usage example)"
[ˈkau̯t],West Languedocien,adjective,"warm, hot; dangerous, dodgy
carrièra cauda(please add an English translation of this usage example)"
[tʃoʷˈdjeɾɔ],Limousin,noun,cauldron
[ʃɔʷˈdjɛi̯ʁɔ],Auvergnat,noun,cauldron
[kau̯ˈtɛɾɐ],Gascon,noun,cauldron
[kau̯ˈðjɛɾo],West Languedocien,noun,cauldron
[kawˈlet],unspecified,noun,(botany) (Brassica spp.) cabbage
/kawˈmadʒe/,unspecified,noun,unemployment
[ˈkawzo],unspecified,noun,"cause
Synonym: encausa"
[ˈkawzo],unspecified,noun,"(Gascony, Languedoc) thing"
/kawˈziðo/,unspecified,noun,(Gascony) choice
[tʃaˈvɑʷ],Limousin,noun,horse
[tsaˈvo],Auvergnat,noun,horse
[ʃiˈβau̯],Gascon,noun,horse
[kaˈβaʎ],Gascon,noun,horse
[kaˈβatʃ],Gascon,noun,horse
[kaˈβal],West Languedocien,noun,horse
[kaˈβalo],unspecified,noun,"mare
Synonym: èga"
[kaˈβiʎo],unspecified,noun,ankle
/ˈseβo/,unspecified,noun,onion
/seˈðiʎo̞/,unspecified,noun,cedilla
[ˈʃjaʷ],Limousin,noun,sky; (singular only) heaven
[ˈʃjɑʷ],Auvergnat,noun,sky; (singular only) heaven
[ˈsɛu̯],Gascon,noun,sky; (singular only) heaven
[ˈsɛl],West Languedocien,noun,sky; (singular only) heaven
/selˈlylo/,unspecified,noun,(biology) cell (the basic unit of a living organism)
[seˈɾjɛɾo],unspecified,noun,cherry (fruit)
/t͡sa.ˈɾan.to/,unspecified,noun,Charente (a department of France)
/t͡sa.ˈɾan.tɔ/,unspecified,noun,Charente (a department of France)
/ˈʃasko/,unspecified,adjective,each; every
/ˈtsasko/,unspecified,adjective,each; every
/t͡sasteˈlãᵑ/,unspecified,noun,"(Vivaroalpine, Limousin) chatelaine"
/t͡sawˈzido/,unspecified,noun,"(Provençal, Limousin) choice"
/t͡sawˈzi/,unspecified,verb,to choose
/t͡ʃiˈnes/,Béarn,adjective,Chinese
[t͡ʃipre],unspecified,noun,"Cyprus (an island and country in Europe, in the Mediterranean)"
/t͡ʃyk/,unspecified,noun,juice (liquid produced by a fruit)
/siˈklu/,unspecified,noun,cyclone
/ˈsiŋk/,unspecified,numeral,five
/siwtaˈða/,unspecified,noun,citizen
/ˈklap/,unspecified,noun,stone
/klaˈrjɛro/,unspecified,noun,"clearing, glade"
/klawˈzy.ɾɔ/,unspecified,noun,"closure, the act of closing; enclosure, fence"
-yɾɔ,unspecified,noun,"closure, the act of closing; enclosure, fence"
/klɥɛt͡ʃ/,unspecified,noun,"(Languedoc, Provençal, Vivaro-alpine) thatch"
[kɔ],unspecified,preposition,"at
en cò sieu ― at (his/her) home; in
en cò nòstre ― in individual/local trials; among
a cò de las graminèas ― among the grasses"
/kuˈβɾi/,unspecified,verb,"to cover
Antonym: descobrir"
-i,unspecified,verb,"to cover
Antonym: descobrir"
/ˈkɔ.kɒ/,unspecified,noun,(nautical) hull
/ˈkɔ.kɒ/,unspecified,noun,cake
[kuðˈuɲ],unspecified,noun,quince
[ˈkujðe],unspecified,noun,elbow
/ˈkujɾe/,unspecified,noun,copper
[ˈkɔjre],unspecified,verb,"to cook (prepare food)
Synonym: còser"
/kuʎuˈna/,unspecified,verb,to joke; to trick
/kunˈdʒat/,unspecified,noun,"leave, permission to be absent"
/kuˈɲak/,unspecified,noun,"Cognac (a commune and town in Charente, France)"
[kuˈnil],unspecified,noun,rabbit
/kɔp/,unspecified,noun,hit; strike; blow; occasion; time; happening
/kɔr/,unspecified,noun,heart
[kɔɾp],unspecified,noun,raven
/kurreˈ(d)ʒi/,unspecified,verb,to correct
/kuɾˈtes/,unspecified,adjective,"(Languedoc, Vivaro-alpine, Provençal, Gascony, Limousin) polite, courteous"
[kɔs],unspecified,noun,body
/ˈkɔsto/,unspecified,noun,"coast; (anatomy) rib (any of a series of long curved bones occurring in 12 pairs in humans and other animals)
Synonym: costèla"
[kuˈteu̯],Provençal,noun,(Languedoc) knife
[kuˈtɛl],West Languedocien,noun,(Languedoc) knife
[ˈkɔw],unspecified,noun,"(Provençal, anatomy) neck"
/kɾukuˈðil/,unspecified,noun,crocodile
[krumˈpajɾo],unspecified,noun,female equivalent of crompaire (“buyer”)
[krumˈpajɾe],unspecified,noun,buyer
[krumˈpa],unspecified,verb,to buy; to purchase
/ˈkɾustɔ/,unspecified,noun,crust
/dalˈfi/,unspecified,noun,dolphin; dauphin (the eldest son of the king of France)
/ˈdaʎo/,Languedoc,noun,(Languedoc) scythe
/daˈʎad͡ʒe/,unspecified,noun,reaping
[daˈmatʒe],unspecified,noun,damage
/daˈnes/,unspecified,adjective,Danish
/daˈnes/,unspecified,noun,Danish (language)
/davɑ̃/,Limousin,preposition,before; in front of
/davɑ̃/,Limousin,adverb,before; in front of
/daˈβan/,unspecified,preposition,before; in front of
/daˈβan/,unspecified,adverb,before; in front of
/demˈpɥɛ/,Languedoc,preposition,(Languedoc) since (from)
/deskɾitˈtiw/,unspecified,adjective,descriptive
[destɾyˈt͡sju],Lengadocian,noun,destruction
[destɾyˈt͡siw],Lengadocian,noun,destruction
[destʁyˈsjũᵑ],"Rodanenc Provençau, Niçard",noun,destruction
[destʁyˈsjẽᵑ],Maritim Provençau,noun,destruction
/dezbuluˈpa/,unspecified,verb,(transitive) to develop (cause to develop)
/ˈdet/,unspecified,noun,finger
/ˈdɛt͡s/,unspecified,numeral,ten
/deˈβat/,Gascon,preposition,"below, underneath"
/dit͡sjuˈnaɾi/,unspecified,noun,dictionary
/dinniˈtat/,unspecified,noun,dignity
[diˈ(d)ʒɔws],unspecified,noun,"Thursday
dijòus que ven ― next Thursday
dijòus venent ― next Thursday"
[diˈlys],unspecified,noun,Monday
[diˈmars],unspecified,noun,Tuesday
/diˈmɛkres/,unspecified,noun,Wednesday
[diˈmend͡ʒe],unspecified,noun,Sunday
/ˈdi.ɾe/,unspecified,verb,to say (express using language); to mean; to signify
[diˈsatte],unspecified,noun,Saturday
[disˈtansjo̞],Languedocian,noun,distance
[disˈtansi],Provençau,noun,distance
[dit],unspecified,noun,finger
[diˈβendres],unspecified,noun,Friday
/duˈβɛɾt/,unspecified,adjective,"open
Antonym: tancat"
/duˈβɛɾt/,unspecified,verb,past participle of dobrir
/duˈβɾi/,unspecified,verb,"to open
Antonym: tancar"
-i,unspecified,verb,"to open
Antonym: tancar"
/ˈdutte/,unspecified,noun,doubt
/duˈkymen/,unspecified,noun,document
[duˈlu],unspecified,noun,pain
/ˈdus/,unspecified,numeral,two
/ˈdɔzi/,unspecified,noun,dose (a measured portion of medicine taken at any one time)
/ˈdri.sɒ/,unspecified,noun,(nautical) halyard
/dyk/,unspecified,noun,duke
/dyɾˈβi/,unspecified,verb,Alternative form of dobrir
-i,unspecified,verb,Alternative form of dobrir
[ˈɛɣo],unspecified,noun,"mare
Synonym: cavala"
/ejɾeˈta/,unspecified,verb,to inherit
[ejsyˈɣa],unspecified,verb,(Languedoc) to wipe
/eˈdʒa/,unspecified,suffix,forms verbs from adjectives and nouns
/elettuˈɾat/,unspecified,noun,electorate
[eleˈfan(t)],unspecified,noun,elephant
/eˈlis/,unspecified,noun,"(nautical) propeller, screw"
/embuˈnil/,unspecified,noun,navel
/emˈbyt/,unspecified,noun,funnel (for decanting liquids)
/enˈsa/,Languedoc,adverb,"to this place, hither, to here; since"
/eŋ.kaˈʎa/,unspecified,verb,(nautical) to run aground
/e.fanˈsɔ/,unspecified,noun,childhood
/en.funˈsa/,unspecified,verb,(nautical) to sink
/eŋɡaˈd͡ʒa/,unspecified,verb,to engage; to pledge
[eˈraw],unspecified,noun,Hérault (a department of France)
[ˈɛrβo],unspecified,noun,grass
/ˈɛr.sɒ/,unspecified,noun,(nautical) swell (of the ocean)
[eˈryɣo],unspecified,noun,A caterpillar (a lepidopteran larva)
[eˈryɣos],unspecified,noun,plural of eruga
/esˈkaðe/,unspecified,noun,"(Gascony) to happen, occur"
/esˈkajɾe/,unspecified,noun,"to happen, occur"
/eskaˈzenso/,unspecified,noun,"occasion, fortune, luck, chance"
/esˈkaze/,unspecified,noun,"to happen, occur"
/esˈku.tɒ/,unspecified,noun,(nautical) sheet
/esˈku.tɒ/,unspecified,verb,"inflection of escotar:
third-person singular present indicative
second-person singular imperative; third-person singular present indicative; second-person singular imperative"
/eskuˈta/,unspecified,verb,to listen
/es.kuˈtiʎ.a/,unspecified,noun,(nautical) hatch
/esˈkyt/,unspecified,noun,(Languedoc) shield
/es.ˈfɛ.rɐ/,unspecified,noun,sphere
/esluˈβak/,unspecified,adjective,Slovak
/esluˈβak/,unspecified,noun,Slovak
/esˈpasi/,unspecified,noun,"space (the near-vacuum in which planets, stars and other celestial objects are situated)"
/espaˈɲɔl/,unspecified,adjective,Spanish
/espaˈɲɔl/,unspecified,noun,the Spanish language; a Spaniard
[esˈpallo],unspecified,noun,shoulder
/espesjaloˈmen/,unspecified,adverb,especially [from the 13th century]
/es.kiˈɾɔl/,unspecified,noun,squirrel
-ɔl,unspecified,noun,squirrel
/esˈtan/,unspecified,noun,pond
/esˈtan/,unspecified,noun,tin (metal)
/esˈtant/,unspecified,noun,(nautical) shroud
/estaˈtyt/,unspecified,noun,statute; bylaw
/esˈtɛβe/,unspecified,noun,"(Gascony) a male given name, equivalent to English Stephen"
/esˈtiw/,unspecified,noun,summer
/ejˈtujo/,unspecified,noun,"hay, stubble, haulm the stalks, which remain in the field after reaping"
[esturˈnɛl],unspecified,noun,starling
/estyˈaɾi/,unspecified,noun,estuary
/edˈzili/,unspecified,noun,exile
/edzisˈti/,unspecified,verb,(intransitive) to exist
[et͡syˈða],unspecified,verb,(intransitive) to exude
[falˈku],West Languedocien,noun,"falcon
Synonym: moisset"
[fɔu̯ˈkũŋ],Provençal,noun,"falcon
Synonym: moisset"
/faˈʎi/,unspecified,verb,"to fail; to err, make a mistake"
/fals/,unspecified,adjective,false
[faˈmiʎo],unspecified,noun,family
/fa/,unspecified,noun,(nautical) lighthouse
/fa/,unspecified,verb,Alternative form of faire
/ˈfarɣo/,unspecified,noun,forge
/faws/,unspecified,noun,sickle
/ˈfawɾe/,unspecified,noun,(Languedoc) blacksmith
/ˈfɛβɾe/,unspecified,noun,(Languedoc) fever
[felisitaˈsju],Languedocian,noun,congratulation
[felisitaˈsjun],Provençau,noun,congratulation
[felisiˈtat],unspecified,noun,happiness
[ˈfenno],unspecified,noun,woman; wife
/ˈfendɾe/,unspecified,verb,"(Languedoc, Limousin, Vivaro-alpine) to divide, split"
[feˈnɛstro],unspecified,noun,window
/fe.neˈstre.tɒ/,unspecified,noun,(nautical) porthole
[fɛr],unspecified,adjective,"fierce, ferocious
Synonyms: feròç, ferotge"
[fɛr],unspecified,noun,Alternative form of fèrre (“iron”)
/feˈɾiðɔ/,unspecified,noun,"wound, injury"
[ˈfɛrre],unspecified,noun,(metallurgy) iron
[ˈfjaʷ],Limousin,noun,thread
[ˈfjɑʷ],Auvergnat,noun,thread
[ˈhiu̯],Gascon,noun,thread
[ˈfiu̯],East Languedocien,noun,thread
[ˈfil],West Languedocien,noun,thread
/ˈfi.ʎo/,unspecified,noun,daughter; girl
/filˈma/,unspecified,verb,(transitive) to film
[ˈfiw],unspecified,noun,(Provençal) son
/flu/,unspecified,noun,flower
/furˈmadʒe/,unspecified,noun,cheese
[furˈmiɣo],unspecified,noun,ant
/fuɾn/,unspecified,noun,oven
/fɔɾt/,unspecified,adjective,"strong
Antonyms: feble, debil"
/ˈfɾa.ɣɔ/,unspecified,noun,"strawberry
Synonym: majofa f"
[ˈfrajre],unspecified,noun,brother
[ˈfrajs],unspecified,noun,common ash (Fraxinus excelsior L.)[1]
[ˈfrajse],unspecified,noun,common ash (Fraxinus excelsion L.)[1]
/ˈfɾanso/,unspecified,noun,France
[ˈfremo],unspecified,noun,"(Provençal) woman, wife"
/ˈfɥɛ.ʎo/,unspecified,noun,(botany) leaf
/ˈfysto/,unspecified,noun,"wood, lumber; beam"
/ˌɡaˈbar.ra/,unspecified,noun,barge
/ɡajreˈβe/,unspecified,adverb,almost
[ˈdʒal],East Vivaro-Alpine,noun,"A cock, rooster"
[ˈɡau̯],Provençal,noun,"A cock, rooster"
[ˈɡal],East Languedocien,noun,"A cock, rooster"
[ˈɡal],West Languedocien,noun,"A cock, rooster"
[ɡaˈlino],unspecified,noun,hen
/ˈɡaɾβo/,Languedoc,noun,(Languedoc) sheaf
[ˈɡar],unspecified,noun,"Gard (a department of Occitanie, France)"
/ɡaʁdjɑ̃/,unspecified,noun,An Occitan cowboy in the Camargue region of France.
[ɡarˈɡanto],unspecified,noun,(anatomy) throat
[ɡaˈri],unspecified,verb,"to heal, to cure"
[ɡasˈkuɲo],unspecified,noun,Gascony
[ɡat],unspecified,noun,a cat
/ˈɡawto/,unspecified,noun,(Languedoc) cheek
/d͡ʒeˈniβɾe/,unspecified,noun,juniper (Juniperus communis)
[ˈ(d)ʒɛnwo],unspecified,noun,Genoa (a city and province of Italy)
[(d)ʒeˈnul],unspecified,noun,knee
/ˌdʒe.nuˈves/,unspecified,noun,(nautical) A genoa sail.
/dʒiˈɾuno/,unspecified,noun,"Girona (a city in Catalonia, Spain); Girona (a province of Catalonia, Spain)"
/dʒiˈɾundo/,unspecified,noun,Gironde (an estuary in France); Gironde (a department of France)
/ɡuˈ(d)ʒat/,unspecified,noun,boy; son
/ɡuˈ(d)ʒato/,unspecified,noun,girl; daughter
/ˈɡola/,unspecified,noun,"snout, face; opening; (colloquial) mouth"
/ɡuˈnɛlo/,unspecified,noun,skirt
[ˈɡus],unspecified,noun,dog
/ɡuˈtik/,unspecified,adjective,Gothic (pertaining to the Goths or to the Gothic language); Gothic (pertaining to the Gothic architecture or to Gothic art); Gothic (pertaining to the Middle Ages); Gothic (pertaining to a genre of horror fiction); Gothic (pertaining to the goth subculture)
/ɡuˈtik/,unspecified,noun,Gothic (an example of Gothic architecture or of Gothic art)
/ɡu.verˈna/,unspecified,verb,"to govern; (nautical) to steer, pilot"
/ɡɾaˈɲɔto/,unspecified,noun,frog
/ɡɾaˈnuʎo/,unspecified,noun,frog
/ɡɾaβiˈtat/,unspecified,noun,gravity
/ɡɾɛk/,unspecified,adjective,Greek
/ɡɾɛk/,unspecified,noun,Greek; Greek person
/ˈɡry.ɒ/,unspecified,noun,crane (bird and lifting device)
[ˈɡɛjne],unspecified,noun,fox
[ˈ(h)enno],unspecified,noun,"(Gascony) woman, wife"
[hɛr],unspecified,verb,"(Gascony) Alternative form of fer (“do, make”)"
[hɛr],unspecified,noun,"(Gascony, metallurgy) Alternative form of fèrre (“iron”)"
/iβeˈrik/,unspecified,adjective,Iberian
[ˈjew],unspecified,noun,"I, first-person singular personal pronoun, generally omitted. E.g. (ieu) soi, I am.; me, first-person singular personal pronoun. E.g. Soi ieu, It's me."
/imuɾˈtal/,unspecified,adjective,immortal
/inˈsendi/,unspecified,noun,"fire (out of control, destructive fire)"
/intruðyˈire/,unspecified,verb,"(Limousin, Languedoc, Provençal, Vivaro-alpine) to lead one thing into another, insert put in; to present somebody for the purpose of meeting others or to integrate them in a group"
/isˈtɔ.ɾjo̞/,unspecified,noun,history (events or study of the past); story; tale; fable
/itaˈlja/,unspecified,adjective,Italian
/itaˈlja/,unspecified,noun,an Italian person
[iˈβɛr(n)],unspecified,noun,winter
/dʒaˈpu/,unspecified,noun,Japan
[(d)ʒarˈdi],unspecified,noun,garden
/ʒu/,unspecified,noun,(Gascony) I
/ʒu/,unspecified,noun,yoke
/ju/,unspecified,noun,(Gascony) I
/ju/,unspecified,noun,yoke
/d͡ʒuˈan/,unspecified,noun,"a male given name, equivalent to English John"
/ˈd͡ʒwan/,unspecified,noun,"a male given name, equivalent to English John"
/(d)ʒuɡˈɡla/,unspecified,noun,juggler; (historical) jongleur
/(d)ʒuɡˈɡla/,unspecified,verb,to juggle (manipulate objects)
/ʒu/,unspecified,determiner,"(Gascony) their
ara jor plaçatheir place"
/d͡ʒurnaˈdɔ/,Limousin,noun,"(Limousin) day, the period of one day"
/d͡zurnaˈdɔ/,Limousin,noun,"(Limousin) day, the period of one day"
/ˈd͡ʒyɲe/,unspecified,verb,to join
[ˈlat͡ʃ],unspecified,noun,milk
/ˈla.ɡɒ/,unspecified,noun,(nautical) wake
[lajˈsa],Lengadocian,verb,"to leave, to abandon
quotations ▼19th Century,  Joseph Roumanille,  Poésies diverses recueillies par Joseph Roumanille:Que ve vouguem vo noun, helas ! Faut tout laissar,Lou terraier l'houstau, leis enfants, la femetto !...(please add an English translation of this quote); 19th Century,  Joseph Roumanille,  Poésies diverses recueillies par Joseph Roumanille:Que ve vouguem vo noun, helas ! Faut tout laissar,Lou terraier l'houstau, leis enfants, la femetto !...(please add an English translation of this quote)"
[lajˈʃa],Lengadocian,verb,"to leave, to abandon
quotations ▼19th Century,  Joseph Roumanille,  Poésies diverses recueillies par Joseph Roumanille:Que ve vouguem vo noun, helas ! Faut tout laissar,Lou terraier l'houstau, leis enfants, la femetto !...(please add an English translation of this quote); 19th Century,  Joseph Roumanille,  Poésies diverses recueillies par Joseph Roumanille:Que ve vouguem vo noun, helas ! Faut tout laissar,Lou terraier l'houstau, leis enfants, la femetto !...(please add an English translation of this quote)"
[lejˈsa],High Lemosin,verb,"to leave, to abandon
quotations ▼19th Century,  Joseph Roumanille,  Poésies diverses recueillies par Joseph Roumanille:Que ve vouguem vo noun, helas ! Faut tout laissar,Lou terraier l'houstau, leis enfants, la femetto !...(please add an English translation of this quote); 19th Century,  Joseph Roumanille,  Poésies diverses recueillies par Joseph Roumanille:Que ve vouguem vo noun, helas ! Faut tout laissar,Lou terraier l'houstau, leis enfants, la femetto !...(please add an English translation of this quote)"
[ˈlamjo],unspecified,noun,shark
[laˈyt],unspecified,noun,lute
[ˈlɛβɾe],unspecified,noun,hare
[ˈlɛjt],unspecified,noun,bed; (Gascony) milk
[ˈleŋɡo],unspecified,noun,(anatomy) the tongue; a language
/leŋɡoˈðɔk/,unspecified,noun,Languedoc
/leˈu/,unspecified,noun,lion
/lɛst/,unspecified,adjective,"ready (prepared for immediate action or use)
Synonym: prèst; agile
Synonyms: agil, prèst"
/lɛst/,unspecified,noun,(nautical) ballast (heavy material that is placed in the hold of a ship)
/leu̯ˈdʒjɛ/,Languedocien,adjective,light (having little weight)
[ˈliβɾe],unspecified,noun,book
[ˈlje],unspecified,noun,(Provençal) bed
[ˈljɛt͡ʃ],unspecified,noun,bed
/lizˈbunɔ/,unspecified,noun,Lisbon (the capital city of Portugal)
[liteˈɾaɾi],unspecified,adjective,literary
/liws/,Languedoc,noun,"(Languedoc) lightning
1978, Joan Bodon, Contes dels Balssàs
Una ventada se levèt, un liuç, un còp de tròn, e de pluèja !; 1978, Joan Bodon, Contes dels Balssàs
Una ventada se levèt, un liuç, un còp de tròn, e de pluèja !"
/ˈlɔno/,unspecified,noun,lagoon
[ˈlup],unspecified,noun,wolf
[ˈly.o],unspecified,noun,(Gascony) moon
[ˈly.a],Aranese,noun,(Gascony) moon
[ˈljɛk],unspecified,noun,"(Provençal, Limousin) place"
[ˈlyno],unspecified,noun,moon
[lyt͡semˈburk],unspecified,noun,Luxembourg
/mai/,unspecified,adverb,"(Provençal, Vivaro-Alpine, Languedoc) but; (Provençal, Vivaro-Alpine, Languedoc, Auvergne, Limousin) more
Synonym: pus"
/mai/,unspecified,noun,May (month)
[ˈmajɾe],unspecified,noun,mother
[majˈɾino],unspecified,noun,godmother
[majˈtut],unspecified,adverb,"(Limousin, Auvergnat) also; too; as well"
/maˈdʒu.fɔ/,unspecified,noun,"strawberry
Synonym: fraga f"
[malajˈzit],unspecified,adjective,"difficult
Synonym: dificil"
[ma],unspecified,noun,hand
[ˈmanduliˈnɔ],unspecified,noun,mandolin (musical instrument)
[ˈmandɾo],unspecified,noun,fox
/mand͡ʒaˈðujɾo/,unspecified,noun,(Languedoc) manger
/manˈd͡ʒa/,unspecified,verb,"(transitive, intransitive) to eat"
/manˈd͡ʒa/,unspecified,noun,"food
Synonym: noiridura"
-a,unspecified,verb,"(transitive, intransitive) to eat"
-a,unspecified,noun,"food
Synonym: noiridura"
/maˈkino̞/,unspecified,noun,machine
[marseˈ(d)ʒaðo],unspecified,noun,downpour
/maˈre.ɒ/,unspecified,noun,(nautical) tide
/ˈmaɾɡe/,unspecified,noun,handle
[mariˈðadʒe],unspecified,noun,marriage
/maˈrɔk/,unspecified,noun,Morocco (a country in Africa)
/maʀˈsejɔ/,unspecified,noun,"Marseilles (the capital city of the Bouches-du-Rhône department, France; capital city of the region of Provence-Alpes-Côte d'Azur)"
/maʀˈsijɔ/,unspecified,noun,"Marseilles (the capital city of the Bouches-du-Rhône department, France; capital city of the region of Provence-Alpes-Côte d'Azur)"
[maˈzadʒe],unspecified,noun,hamlet
[masˈsar],unspecified,verb,"(Vivaro-Alpine, Guardiol) to kill"
/ma.taˈfju/,unspecified,noun,"(nautical) lash (small piece of rope or cord used to secure other ropes, sails, or occasionally beat people with)"
/mejˈsu/,unspecified,noun,harvest
[ˈmɛlso],unspecified,noun,(anatomy) spleen
/meˈna.sɔ/,unspecified,noun,threat
[mesˈtjɛraw],unspecified,noun,"(Gascony, Provençal) artisan"
/ˈmɛs.tre/,unspecified,noun,"master
quotations ▼19th Century,  Joseph Roumanille,  Poésies diverses recueillies par Joseph Roumanille:O moun mèstre !Oh my master! (referring to Jesus or God); 19th Century,  Joseph Roumanille,  Poésies diverses recueillies par Joseph Roumanille:O moun mèstre !Oh my master! (referring to Jesus or God); (nautical) mainsail"
[meˈtejs],unspecified,adjective,same
/ˈmɛdʒe/,unspecified,noun,doctor
[mikrusˈkɔpi],unspecified,noun,microscope
[ˈmjɛtʃ],unspecified,adjective,half
/ˌmjɛdˈd͡ʒuɾ/,unspecified,noun,"midday
Synonym: (Gascon) mieidia"
-uɾ,unspecified,noun,"midday
Synonym: (Gascon) mieidia"
[ˈmil],unspecified,noun,(uncountable) corn
[miˈʎɔk],unspecified,noun,(Gascony) corn
[miˈnɔ],unspecified,noun,mine
/miˈnyto/,unspecified,noun,minute (unit of time)
[ˈmirɣo],unspecified,noun,mouse
/muˈlu/,unspecified,noun,"stack, heap"
/munaɾˈkio/,unspecified,noun,"(Languedoc, Gascony, Provençal, Vivaro-Alpine) monarchy"
/muˈnedɔ/,unspecified,noun,"currency, coinage"
[muˈni],unspecified,noun,monkey.
/munˈtaɲo/,unspecified,noun,"(geography, Languedoc) mountain"
/muntaˈɲus/,unspecified,adjective,mountainous
/mumpeˈʎɛ/,unspecified,noun,Montpellier (a city in France)
/munyˈmen/,unspecified,noun,monument
/ˈmuso/,unspecified,noun,moss
/ˈmɔt/,unspecified,noun,Alternative form of mot
[muzamˈbik],unspecified,noun,Mozambique
/myr/,unspecified,noun,wall
[ˈmuro],unspecified,noun,(Guardiol) wall
/myzaˈɾaɲo̞/,unspecified,noun,(zoology) shrew
/myziˈkal/,unspecified,adjective,musical (of or relating to music); musical (pleasing to the ear)
/naw/,unspecified,noun,"ship, vessel, watercraft"
/naˈβaro/,unspecified,noun,"Navarre (an autonomous community of Spain); Navarre (a province of Navarre, Spain)"
/naˈβaɾeŋt͡s/,unspecified,noun,"Navarrenx (a commune and town in Pyrénées-Atlantiques, New Aquitaine, France)."
/naˈβareŋt͡s/,unspecified,noun,"Navarrenx (a commune and town in Pyrénées-Atlantiques, New Aquitaine, France)."
[naβeˈɣa],unspecified,verb,"to navigate
E I jorn, en setembre, preson se a navegar(please add an English translation of this usage example) (Guilhèm Anelièr, Istòria de la Guèrra de Navarra); (Internet) to surf (the Web)"
[ˈnɛβjo],unspecified,noun,"(Guardiol) fog, mist"
[ˈnɛβlo],unspecified,noun,fog
[ˈnɛβlos],unspecified,noun,plural of nèbla
/neseˈsaɾi/,unspecified,adjective,necessary
[ˈnɛw],unspecified,noun,snow
/neβaˈðo/,unspecified,verb,feminine singular past participle of nevar
/neβaˈðo/,unspecified,noun,snowfall
/neˈβa/,unspecified,verb,to snow
/neˈβus/,unspecified,adjective,snowy
/ˈnɔɾt/,unspecified,noun,Nord (a department of France)
/nus/,unspecified,noun,to us (first-person plural indirect object pronoun); ourselves (first-person plural reflexive pronoun)
/nus/,unspecified,noun,knot
/ˈnɔw/,unspecified,adjective,new
/ˈnɔw/,unspecified,numeral,nine
[ˈnɥɛtʃ],unspecified,noun,night
/ˈɔ.βɾo/,unspecified,noun,"work (a literary, artistic, or intellectual production); work (effort)
synonym ▲Synonym: trabalh"
/ˈɔ.bɾo/,unspecified,noun,"work (a literary, artistic, or intellectual production); work (effort)
synonym ▲Synonym: trabalh"
/uˈβɾi/,unspecified,verb,Alternative form of dobrir
-i,unspecified,verb,Alternative form of dobrir
[o],unspecified,interjection,yes
[ɔ],unspecified,interjection,yes
/utsiˈta/,unspecified,adjective,Occitan (of or relating to Occitania)
/utsiˈta/,unspecified,noun,(uncountable) Occitan (Romance language); someone from Occitania or Occitanie
/utsiˈtano/,unspecified,adjective,feminine singular of occitan
/utsiˈtanɔ/,Languedoc,adjective,feminine singular of occitan
/utsiˈtanjɔ/,unspecified,noun,Occitania: A region of Europe; Occitanie: An administrative region in France
[utˈtɔβɾe],unspecified,noun,"(Languedoc, Provençal, Auvergne) October (month)"
/uˈlimpik/,unspecified,adjective,Olympic
[ˈɔme],unspecified,noun,man
/umeˈnadʒe/,unspecified,noun,"(Gascony, Auvergne, Limousin, Languedoc, Vivaro-alpine, Provençal) homage"
/undeˈ(d)ʒa/,unspecified,verb,to float about
[ˈuŋɡlo],unspecified,noun,"nail, fingernail"
/ˈunt/,unspecified,noun,where
[uro],unspecified,noun,"hour (period of 60 minutes); time (of day), hour
Quina ora es?What time is it?"
/ˈɔr.sɒ/,unspecified,noun,"(nautical) port, larboard"
/ˌɔr.sɒˈpup/,unspecified,noun,(nautical) a sheet used to control the forward end of a lateen sail's antenna.
[ˈɔs],unspecified,noun,bone
/usˈtaw/,unspecified,noun,"(Gascony, Provençal) house"
[paˈɣa],unspecified,verb,to pay
[ˈpajɾe],unspecified,noun,father
[ˈpajɾe],unspecified,verb,first-person singular present subjunctive of pairar; third-person singular present subjunctive of pairar
[pajˈɾi],unspecified,noun,godfather
[pei̯ˈdɔʷ],East Languedocien,noun,kettle
[pai̯ˈɾɔl],West Languedocien,noun,kettle
/pal/,unspecified,noun,"post, pole, stake; (nautical) mast"
/paˈlaŋ.kɐ/,unspecified,noun,"plank, board; (nautical) gangway, plank"
/ˈpa.ʎo/,unspecified,noun,straw
[palˈmu],unspecified,noun,(anatomy) lung
[panˈtɛɾo],unspecified,noun,panther
[paɾaˈðis],unspecified,noun,paradise
/paˈɾawlo/,unspecified,noun,word
/paˈris/,unspecified,noun,Paris (the capital and largest city of France)
/paˈris/,unspecified,noun,a surname
/paˈsa/,unspecified,verb,to pass (by)
/paˈsat/,unspecified,adjective,"past (having already happened); last (most recent)
diluns passat ― last Monday"
/paˈsat/,unspecified,noun,"past (the period of time that has already happened)
Antonym: futur"
/pasˈtis/,unspecified,noun,"Pastis, a liqueur containing aniseed."
[ˈpats],unspecified,noun,peace
/paˈβu/,unspecified,noun,peacock
[pɛ],unspecified,noun,foot
[ˈpeβre],unspecified,noun,pepper
[ˌpeɡ.aʊˈɾe.ʎɒ],unspecified,noun,mobile phone
[ˈpɛjɾo],unspecified,noun,stone
/pejˈtjews/,unspecified,noun,"Poitiers (a city, the capital of the Vienne department, Nouvelle-Aquitaine, France)"
[ˈpɛu̯],East Languedocien,noun,hair
[ˈpjɛl],West Languedocien,noun,hair
[ˈpɛl],East Languedocien,noun,(Languedoc) skin
[ˈpɛl],West Languedocien,noun,(Languedoc) skin
/ˈpeʎo/,unspecified,noun,piece of old cloth; rag; skirt
/penˈd͡ʒa/,unspecified,verb,to hang
[ˈpeɾo],unspecified,noun,pear
[pe.ɾew],unspecified,adverb,also; as well
[perˈfjɛtʃ],unspecified,adjective,"perfected, perfect, excellent, ideal"
/peɾˈɣan/,unspecified,noun,"parchment
Synonym: pergamin"
/peɾɣaˈmi/,unspecified,noun,"parchment
Synonym: pergam"
/peɾpiˈɲa/,unspecified,noun,Perpignan (a city in France)
/peˈzul/,unspecified,noun,louse
/ˈpɛs.tel/,unspecified,noun,(nautical) cleat
/piˈka/,unspecified,verb,"to hit; to strike; (of an insect or the like) to sting
Synonym: fissar"
/piˈɛdʒ.a/,unspecified,noun,(nautical) stay
/pjeˈmon/,unspecified,noun,Piedmont (a region of Italy)
/pjeˈmun(t)/,unspecified,noun,Piedmont (a region of Italy)
/piˈla/,unspecified,noun,pillar
/piˈla/,unspecified,verb,to crush; to pulverize
[pinˈta],unspecified,verb,"to paint (apply paint to); (reflexive, se pintar) to get drunk"
/pireˈnɛws/,unspecified,noun,Pyrenees
/pla/,unspecified,noun,plan (a drawing showing technical details of a building); plan (a set of intended actions)
/pla/,unspecified,adjective,"flat
Synonym: planièr"
/pla/,unspecified,adverb,"well
Antonym: mal; very, quite
Synonym: fòrça
mercés plan ― thank you very much"
/ˈpluʒe/,unspecified,noun,"(Gascon, Languedoc) rain"
[ˈplɥɛ(d)ʒo],unspecified,noun,(Languedoc) rain
/ˈpu.dʒɒ/,unspecified,noun,(nautical) starboard
/puˈla.kre/,unspecified,noun,"(nautical) foresail, jib"
[puˈlit],unspecified,adjective,pretty
[ˈpumo],unspecified,noun,apple
[pun],unspecified,noun,fist
/ˈpu.pɒ/,unspecified,noun,"(nautical) stern, poop"
[ˈpɔrto],unspecified,noun,door
/puɾˈtal/,unspecified,noun,(Languedoc) portal
/ˈput͡s/,unspecified,noun,a well
/pu/,unspecified,noun,a well
/pɾat/,Languedoc,noun,meadow
/pɾeˈɣa/,unspecified,verb,"to pray; to ask, politely request"
/pɾeˈɣaɾjo/,unspecified,noun,prayer
[ˈprimo],unspecified,noun,spring (seasons)
/pru/,unspecified,preposition,"enough
N'i a pro. - There is enough (of it).; quite
Una rauba pro polida. - A quite pretty dress."
/ˈpru.ɒ/,unspecified,noun,"bow, prow"
[prufeˈsio],unspecified,noun,prophecy
/pʀuveⁿsˈaw/,unspecified,adjective,Provençal
/pʀuveⁿsˈaw/,unspecified,noun,the Provençal language.; a person from the Provençal region.
/pɥɛt͡ʃ/,unspecified,noun,hill
[pyn],unspecified,noun,fist
[kɑoˈky],Limousin,noun,someone; somebody
/kalˈky/,West Languedocien,noun,someone; somebody
/ˈka.tɾe/,unspecified,numeral,four
/ke/,unspecified,noun,"(relative) that, which"
/ke/,unspecified,conjunction,(relative) that; (in comparisons) than
/ke/,unspecified,adjective,"which
Synonyms: quin, qual"
/ke/,unspecified,noun,"(interrogative) what; that, that which"
[ˈkjet],unspecified,adjective,"calm, stopped; quiet"
/ˈki.ʎɒ/,unspecified,noun,skittle; (nautical) keel
/kiˈmik/,unspecified,adjective,chemical
/kin/,unspecified,adjective,"(interrogative) which
Quinas veituras son las teunas ?Which cars are yours?; (interrogative) what
Quina ora es ?What time is it?; (exclamative) what
Quina catastròfa !What a catastrophe!"
[raˈβas],unspecified,noun,badger
[rraˈis],unspecified,noun,root
[rajˈnal],unspecified,noun,fox
/ramˈbal/,unspecified,noun,"hustle and bustle; (military) call to arms; (nautical) general quarters, action stations"
/raˈzik/,unspecified,noun,root
[ratopeˈnaðo],unspecified,noun,bat (flying mammal)
[raˈtyɣo],unspecified,noun,mouse
/rawˈlet/,unspecified,noun,Alternative form of rausèl
-et,unspecified,noun,Alternative form of rausèl
/raws/,unspecified,noun,"common reed (Phragmites australis)[1]
Synonyms: cana, canavèra, canòta, cantulh, caravena, raulet, rausèl, rauset, senilh, sesquilh"
-aws,unspecified,noun,"common reed (Phragmites australis)[1]
Synonyms: cana, canavèra, canòta, cantulh, caravena, raulet, rausèl, rauset, senilh, sesquilh"
/rawˈzɛl/,unspecified,noun,"common reed (Phragmites australis)[1]
Synonyms: cana, canavèra, canòta, cantulh, caravena, raus, senilh, sesquilh"
-ɛl,unspecified,noun,"common reed (Phragmites australis)[1]
Synonyms: cana, canavèra, canòta, cantulh, caravena, raus, senilh, sesquilh"
/rawˈzet/,unspecified,noun,Alternative form of rausèl
-et,unspecified,noun,Alternative form of rausèl
/rej/,unspecified,noun,king
/reˈjalme/,unspecified,noun,(Languedoc) kingdom
/reˈjawme/,unspecified,noun,"(Gascony, Provençal, Limousin, Auvergne, Vivaro-alpine) kingdom"
/rem/,unspecified,noun,"(nautical) rowing, sculling"
/ˈre.mɒ/,unspecified,noun,(nautical) oar; (nautical) rowing
/re.muˈli/,unspecified,noun,(nautical) eddy
/ren/,unspecified,noun,(anatomy) kidney
/ren/,unspecified,noun,"(Provençal, Limousin) nothing"
/ɾeskunˈtɾa/,unspecified,verb,"(Languedoc, Provençal, Vivaro-alpine) to encounter"
/resˈkuntɾe/,unspecified,noun,(Languedoc) encounter
[reˈsu],unspecified,noun,echo
[ˈriβo],unspecified,noun,"shore, bank"
[ˈrriw],unspecified,noun,river
/rruˈmek/,unspecified,noun,"(Languedoc, Limousin, Vivaro-Alpine) bramble, plant in the genus (rubus)"
/ˈrumpɾe/,unspecified,verb,to break
[ˈrɔzo],unspecified,noun,(flower) rose
[rusiˈɲɔl],unspecified,noun,nightingale
[ˈrɔtle],unspecified,noun,role (the function or position of something)
/ˈsaβo/,unspecified,noun,(botany) sap
[ˈsaβlo],unspecified,noun,sand
/saˈβu/,unspecified,noun,"(Languedoc) taste or smell of something, aroma, flavor"
/saˈɣas/,unspecified,adjective,"wise, sagacious"
/saˈd͡ʒeto/,unspecified,noun,(Languedoc) arrow
/ˈsajke/,unspecified,adverb,maybe
/salˈmujro/,unspecified,noun,brine
/ˈsam.pɐ/,unspecified,noun,"puddle
Mèfi, i a una sampa davant nosautres!(please add an English translation of this usage example)"
[ˈsaɲo],unspecified,noun,"marsh, swamp"
[saˈzu],unspecified,noun,season
/ˈsa.sɒ/,unspecified,noun,(nautical) bailer
[ˈsawmo],unspecified,noun,"she-ass, jenny-ass"
/sawneˈʒa/,unspecified,verb,(Gascony) to dream (see mental images during sleep)
/siˈensjɔ/,unspecified,noun,science
/ˈsjensjɔ/,unspecified,noun,science
/sjentiˈfik/,unspecified,adjective,"scientific, scientifical"
/sjentiˈfik/,unspecified,noun,scientist
/sjentiˌfikɔˈmen/,unspecified,adverb,scientifically
[seˈðas],unspecified,noun,sieve
/ˈsɛɡle/,unspecified,noun,century (period of 100 years)
/seˈd͡za/,unspecified,verb,(Limousin) to saw
/semeˈna/,unspecified,verb,to sow
/sen/,unspecified,noun,"sign; (nautical) mark, beacon, dayboard"
[sɛnso],unspecified,adverb,(Mistralian) without
[sentiˈmen],unspecified,noun,"feeling (emotion; impression); feeling, intuition; sentiment, emotion"
[septiˈmanjɔ],unspecified,noun,Septimania
/səɾˈβi/,unspecified,verb,to serve; to be useful
/ˈsɛt/,unspecified,numeral,seven
/ˈsjɛjs/,unspecified,numeral,six
[siŋˈɡla],unspecified,noun,(wild) boar
/ˈsuko/,unspecified,noun,"trunk; stump; stock, in the sense of a grape vine, a cultivar"
[suˈsjal],unspecified,adjective,social (relating to society)
/suˈla/,unspecified,adjective,solar
/suˈlɛl/,unspecified,noun,sun
/suˈmja/,unspecified,verb,to dream; (by extension) to imagine
/ˈsun.dɒ/,unspecified,noun,"(nautical) sounding, depth"
/sunˈsi/,unspecified,verb,to sink
[ˈsɔre],unspecified,noun,sister
/ˈsuto/,Provençal,preposition,"(Provençal) beneath, under
Me soi assetat sota l'arbre."
[sˈtrao],unspecified,noun,(Guardiol) road
[ˈsyve],unspecified,noun,(Provençal) cork
[ˈtajs],unspecified,noun,badger
/taˈʎu/,unspecified,noun,"a part of something, piece"
/ˈtalpo/,unspecified,noun,mole
/tamˈbuɾ/,unspecified,noun,drum
/ˈtam.pɒ/,unspecified,noun,valve; (nautical) seacock
[ta.be],unspecified,adverb,"also; as well
Ieu tanben canti de cançons.
I'm also singing some songs."
[tart],unspecified,adverb,"late
un pau pus tard ― a bit later"
/tarˈðiw/,unspecified,adjective,late
/taw/,unspecified,adjective,"(Gascony, Provençal, Limousin, Vivaro-alpine, Auvergne) such"
[ˈtawlo],unspecified,noun,table
[ˈtawpo],unspecified,noun,mole
/telesˈkɔpi/,unspecified,noun,telescope
[tempeɾaˈtyɾo],unspecified,noun,temperature
/te.u.ˈri.ɐ/,unspecified,noun,theory
/ˈtɛsto/,unspecified,noun,head
/tet/,unspecified,noun,ceiling; (nautical) overhead
[tewˈlat],unspecified,noun,roof
[tewˈle],unspecified,noun,roof-tile
/ˈtid͡ʒo/,unspecified,noun,stem (of plant)
/tiˈmu/,unspecified,noun,(nautical) tiller
/ti.munˈjɛ/,unspecified,noun,"(nautical) helmsman, coxswain"
[tuˈtʃar],unspecified,verb,"(Guardiol, Vivaro-Alpine) to touch"
/tuˈlu.zɔ/,unspecified,noun,"Toulouse (the capital city of the Haute-Garonne department, France; capital city of the region of Occitanie)"
-uzɔ,unspecified,noun,"Toulouse (the capital city of the Haute-Garonne department, France; capital city of the region of Occitanie)"
/turˈnetʃ/,unspecified,noun,(Languedoc) tournament; (historical) joust
/tuɾneˈd͡ʒa/,unspecified,verb,to spin around; to wheel; to circle
/ˈtur.re/,unspecified,noun,"tower
synonym ▲Synonym: tor"
/turˈrɛl.a/,unspecified,noun,turret
/tut/,unspecified,adjective,"all; each, every
Synonym: cada"
/tut/,unspecified,noun,everything
/traˈβal/,unspecified,noun,work
/traˈβals/,unspecified,noun,plural of trabalh
/ˈtra.so̞/,Languedoc,noun,"(Languedoc, Provençal, Vivaro-alpine, Gascony) trace; footprint; mark, impression"
/ˈtʀa.so̞/,Provençal,noun,"(Languedoc, Provençal, Vivaro-alpine, Gascony) trace; footprint; mark, impression"
/tɾaðiˈsju/,unspecified,noun,tradition
[traiˈðu],unspecified,noun,traitor
[traiˈte],unspecified,adjective,traitor
[traiˈte],unspecified,noun,traitor
[trawk],unspecified,noun,hole
/ˈtɾes/,unspecified,numeral,three
[treˈsawr],unspecified,noun,treasure
[truβaˈðu],unspecified,noun,troubadour
/trɔs/,unspecified,noun,"chunk, large piece"
/tru/,unspecified,noun,thunder
/ty/,unspecified,noun,you (singular)
/ˈɥɛt͡ʃ/,unspecified,numeral,eight
/ˈɥɛl/,unspecified,noun,eye (organ)
[yˈʎaws],unspecified,noun,"(Provençal) lightning
Synonyms: beleg, lamp, relampit, lampig, lambre, lambrec, lambret, eslambrec"
[yˈma],Laguedocian,adjective,human
[yˈma],Laguedocian,noun,human
[yˈmãᵑ],Provençau,adjective,human
[yˈmãᵑ],Provençau,noun,human
[ymiliˈtat],unspecified,noun,humility
[ymiliˈta],Provençau,noun,humility
/ˈy/,Gascon,article,"a, an (masculine singular indefinite article)"
/ˈy/,Gascon,numeral,one
/ˈyn/,Languedocien,article,"a, an (masculine singular indefinite article)"
/ˈyn/,Languedocien,numeral,one
[ˈyŋɡlo],unspecified,noun,"nail, fingernail"
[ˈyso],unspecified,noun,"eyebrow
Synonyms: subrecilha, cilha"
[ytilizajˈre],unspecified,noun,user (all meanings)
[ytilizajˈres],unspecified,noun,plural of utilizaire
[ytiliˈza],unspecified,verb,to use; to make use of
/vaˈɡa/,unspecified,verb,"to wander; (nautical) to drift, go adrift"
/bam/,unspecified,noun,momentum
[benˈdejɾe],unspecified,noun,seller
/βenˈtaðo/,unspecified,noun,"wind, a strong gust of wind"
/ˈvɛr/,unspecified,preposition,(Guardiol) toward
/ˈbert/,unspecified,adjective,green
/ˈbert/,unspecified,noun,green
/ˈvɛr.ɡɒ/,unspecified,noun,(nautical) yard
[berˈɣuɲo],unspecified,noun,shame; French government policies that disparage and marginalize non-French languages
/beɾifiˈka/,unspecified,verb,to verify
[biˈadʒe],unspecified,noun,journey
[biaˈdʒajre],unspecified,noun,traveller
[biˈladʒe],unspecified,noun,village
[vi],unspecified,noun,wine
[ˈbiɲo],unspecified,noun,vine; vineyard
/biˈɾa/,unspecified,verb,to turn
/buˈle/,unspecified,verb,to want
/buˈle/,unspecified,noun,willingness; desire
/bulunˈtat/,unspecified,noun,"will, desire"
/bulp/,unspecified,noun,(Languedoc) fox
[bulˈtu],unspecified,noun,(Languedoc) vulture
/vus/,unspecified,noun,to you (second-person plural indirect object pronoun); yourselves (second-person plural reflexive pronoun)
/buˈta/,unspecified,verb,to vote
/ˈbut͡s/,unspecified,noun,voice
/ˈvɔt͡s/,unspecified,noun,(Provençal) voice
[vawˈtur],unspecified,noun,(Provençal) vulture
[bylkanuluˈ(d)ʒio],unspecified,noun,"volcanology, vulcanology"
/ˈzɔno/,unspecified,noun,"zone, area"
